company_name,year,policy_point,category,severity,impact,status
Microsoft,2018,"Responsible AI framework created","Ethics Principles","medium","Foundational ethics structure","active"
Microsoft,2018,"Focus on fairness and transparency","Transparency","medium","Clear disclosure standards","active"
Microsoft,2018,"AI ethics principles established","Ethics Principles","medium","Core ethical guidelines","active"
Microsoft,2018,"Privacy and security emphasis","Privacy","high","Data protection priority","active"
Microsoft,2018,"Accountability mechanisms defined","Accountability","medium","Clear responsibility","active"
Microsoft,2018,"Human-centered design approach","Philosophy","low","User-focused design","active"
Microsoft,2019,"AI ethics board appointed","Governance","high","Ethics oversight body","active"
Microsoft,2019,"Responsible AI Standard developed","Standards","medium","Industry-leading standard","active"
Microsoft,2019,"Transparency requirements mandated","Transparency","medium","Mandatory disclosure","active"
Microsoft,2019,"Fairness testing framework","Technical","low","Automated fairness checks","active"
Microsoft,2019,"Privacy by design implemented","Privacy","high","Privacy-first methodology","active"
Microsoft,2020,"Responsible AI initiatives expanded","Commitment","medium","Broader commitment","active"
Microsoft,2020,"Transparency in cloud services","Transparency","medium","Service transparency","active"
Microsoft,2020,"Fairness in AI systems","Fair Representation","medium","Bias reduction","active"
Microsoft,2020,"Human-AI collaboration focus","Philosophy","low","Partnership approach","active"
Microsoft,2020,"Stakeholder engagement expanded","Partnership","low","Broader consultation","active"
Microsoft,2021,"Responsible AI leadership commitment","Commitment","medium","Strategic focus","active"
Microsoft,2021,"Transparency initiatives advanced","Transparency","medium","Enhanced disclosure","active"
Microsoft,2021,"Fairness frameworks refined","Fair Representation","medium","Improved fairness","active"
Microsoft,2021,"Ethics training mandated","Training","low","Mandatory ethics edu","active"
Microsoft,2022,"AI ethics research funding","Research","low","Ethics investment","active"
Microsoft,2022,"Global responsible AI community","Partnership","low","International network","active"
Microsoft,2022,"Responsible AI certification launched","Certification","low","Professional cert","active"
IBM,2018,"AI ethics principles announced","Ethics Principles","medium","Clear principles","active"
IBM,2018,"Explainability as priority","Transparency","high","AI interpretability focus","active"
IBM,2018,"Fairness metrics development","Fair Representation","medium","Quantifiable fairness","active"
IBM,2018,"Trustworthy AI commitment","Ethics Principles","medium","Trust-based approach","active"
IBM,2018,"Governance framework created","Governance","medium","Oversight structure","active"
IBM,2019,"AI ethics board established","Governance","high","Formal oversight","active"
IBM,2019,"Explainable AI tools released","Technical","medium","Interpretability tools","active"
IBM,2019,"Fairness toolkit for developers","Technical","low","Developer resources","active"
IBM,2019,"Ethics guidelines for clients","Standards","low","Customer guidance","active"
IBM,2019,"Trust and transparency framework","Framework","medium","Integrated approach","active"
IBM,2020,"Fairness and transparency focus","Fair Representation","medium","Bias mitigation","active"
IBM,2020,"Explainability enhancements","Technical","medium","Better explanations","active"
IBM,2020,"Ethics training programs","Training","low","Staff education","active"
IBM,2020,"Responsible AI services launched","Services","low","Ethics-focused services","active"
IBM,2021,"AI governance framework strengthened","Governance","medium","Enhanced oversight","active"
IBM,2021,"Transparency in AI applications","Transparency","medium","Clear disclosure","active"
IBM,2021,"Fairness research initiatives","Research","low","Fairness studies","active"
IBM,2021,"Ethics in enterprise AI","Standards","medium","Enterprise standards","active"
IBM,2022,"AI ethics certification program","Certification","low","Professional certification","active"
IBM,2022,"Explainable AI expansion","Technical","medium","Broader explainability","active"
IBM,2022,"Responsible AI center established","Governance","medium","Dedicated center","active"
Amazon,2018,"Customer trust and safety","Ethics Principles","medium","Trust foundation","active"
Amazon,2018,"Fair representation in AI","Fair Representation","medium","Unbiased systems","active"
Amazon,2018,"Data privacy commitment","Privacy","high","Customer data protection","active"
Amazon,2018,"Responsibility in automation","Accountability","medium","Clear responsibility","active"
Amazon,2018,"Accessibility considerations","Accessibility","low","Inclusive design","active"
Amazon,2019,"AWS AI ethics resources","Standards","medium","Public guidance","active"
Amazon,2019,"Fairness in recommendation systems","Fair Representation","medium","Unbiased recommendations","active"
Amazon,2019,"Privacy in data analytics","Privacy","high","Data protection","active"
Amazon,2019,"Accountability in decision making","Accountability","medium","Clear decisions","active"
Amazon,2019,"Customer feedback mechanisms","Engagement","low","User input channels","active"
Amazon,2020,"Responsible AI governance","Governance","medium","Formal structure","active"
Amazon,2020,"Privacy protections enhanced","Privacy","high","Stronger protection","active"
Amazon,2020,"Fairness audits conducted","Evaluation","medium","Regular audits","active"
Amazon,2020,"Transparency initiatives","Transparency","medium","Clear disclosure","active"
Amazon,2020,"Accessibility improvements","Accessibility","low","Inclusive features","active"
Amazon,2021,"AI ethics committees formed","Governance","medium","Oversight bodies","active"
Amazon,2021,"Responsible innovation framework","Framework","medium","Ethics framework","active"
Amazon,2021,"Privacy-first AI development","Privacy","high","Privacy priority","active"
Amazon,2021,"Transparency expanded","Transparency","medium","More disclosure","active"
Amazon,2022,"Responsible AI investment","Commitment","medium","Funding ethics","active"
Amazon,2022,"Fairness improvements","Fair Representation","medium","Better fairness","active"
Amazon,2022,"Privacy innovation","Privacy","high","Privacy tech","active"
Meta,2018,"Social good focus","Ethics Principles","low","Societal benefit","active"
Meta,2018,"Community standards for AI","Standards","medium","Community rules","active"
Meta,2018,"User privacy emphasis","Privacy","high","Privacy protection","active"
Meta,2018,"Transparency in content AI","Transparency","medium","Clear algorithms","active"
Meta,2019,"AI ethics team created","Governance","high","Dedicated team","active"
Meta,2019,"Transparency in moderation","Transparency","medium","Moderation clarity","active"
Meta,2019,"Fairness in recommendations","Fair Representation","medium","Unbiased feed","active"
Meta,2019,"Privacy controls expanded","Privacy","high","More user control","active"
Meta,2020,"Ethics board established","Governance","high","Oversight board","active"
Meta,2020,"Content policy transparency","Transparency","medium","Policy clarity","active"
Meta,2020,"Fairness audits started","Evaluation","medium","Regular checks","active"
Meta,2020,"Privacy enhancements","Privacy","high","Better protection","active"
Meta,2021,"Responsible AI initiatives","Commitment","medium","Ethical focus","active"
Meta,2021,"Moderation AI improvements","Technical","medium","Better moderation","active"
Meta,2021,"Transparency expanded","Transparency","medium","More disclosure","active"
Meta,2021,"User autonomy focus","Philosophy","low","User choice","active"
Meta,2022,"Advanced fairness tools","Technical","medium","Better fairness","active"
Meta,2022,"Recommendation system ethics","Ethics Principles","medium","Algorithm ethics","active"
Meta,2022,"Transparency initiatives","Transparency","medium","Clear disclosure","active"
Tesla,2018,"Safety as ethical imperative","Ethics Principles","high","Safety priority","active"
Tesla,2018,"Autonomous vehicle ethics","Ethics Principles","high","Vehicle ethics","active"
Tesla,2018,"Transparency in autonomy","Transparency","high","Clear disclosure","active"
Tesla,2018,"Continuous safety testing","Safety","high","Rigorous testing","active"
Tesla,2018,"Accountability for decisions","Accountability","high","Clear responsibility","active"
Tesla,2019,"AI safety research","Research","medium","Safety studies","active"
Tesla,2019,"Safety metrics published","Transparency","high","Public metrics","active"
Tesla,2019,"Autonomous testing protocols","Standards","high","Testing standards","active"
Tesla,2019,"Safety validation framework","Evaluation","high","Validation system","active"
Tesla,2020,"Advanced safety systems","Safety","high","New safety tech","active"
Tesla,2020,"Safety reports released","Transparency","high","Public reports","active"
Tesla,2020,"Autonomous ethics framework","Framework","high","Ethics system","active"
Tesla,2020,"Continuous improvement","Philosophy","high","Always improving","active"
Tesla,2021,"Safety system enhancements","Safety","high","System upgrades","active"
Tesla,2021,"Transparent accountability","Accountability","high","Clear responsibility","active"
Tesla,2021,"Research publications","Documentation","high","Public research","active"
Tesla,2022,"Next-generation safety","Safety","high","Future safety","active"
Tesla,2022,"Ethical autonomous driving","Ethics Principles","high","Driving ethics","active"
Tesla,2022,"Safety validation advancement","Evaluation","high","Advanced validation","active"
Apple,2018,"Privacy fundamental right","Privacy","high","Privacy principle","active"
Apple,2018,"Ethical AI development","Ethics Principles","medium","Ethics commitment","active"
Apple,2018,"Transparency standards","Transparency","medium","Clear standards","active"
Apple,2018,"User data protection","Privacy","high","Data security","active"
Apple,2018,"Accessibility focus","Accessibility","low","Inclusive design","active"
Apple,2019,"On-device AI processing","Privacy","high","Local processing","active"
Apple,2019,"Privacy-first products","Philosophy","high","Privacy default","active"
Apple,2019,"Accessibility enhancements","Accessibility","low","Inclusive features","active"
Apple,2019,"Ethical guidelines published","Standards","medium","Public guidance","active"
Apple,2020,"Privacy protections expanded","Privacy","high","Stronger protection","active"
Apple,2020,"Accessibility improvements","Accessibility","low","Better inclusion","active"
Apple,2020,"Fairness initiatives","Fair Representation","medium","Bias reduction","active"
Apple,2020,"Transparency commitment","Transparency","medium","Clear disclosure","active"
Apple,2021,"Privacy-preserving technologies","Technical","high","Privacy innovation","active"
Apple,2021,"Accessibility for all","Philosophy","medium","Inclusive approach","active"
Apple,2021,"Ethical business practices","Ethics Principles","medium","Business ethics","active"
Apple,2022,"Privacy research","Research","high","Privacy studies","active"
Apple,2022,"Accessibility leadership","Leadership","medium","Industry leading","active"
Apple,2022,"Ethical AI principles","Ethics Principles","medium","Refined principles","active"
Google,2018,"AI for good","Social Impact","low","Social benefit","active"
Google,2018,"Responsible research","Standards","low","Ethical research","active"
Google,2018,"Fairness focus","Fair Representation","medium","Bias prevention","active"
Google,2018,"Transparency commitment","Transparency","medium","Clear disclosure","active"
Google,2019,"Ethics guidelines","Standards","medium","Industry guidelines","active"
Google,2019,"Research transparency","Transparency","medium","Open research","active"
Google,2019,"Fairness toolkit","Technical","low","Fairness tools","active"
Google,2019,"Community engagement","Engagement","low","Public engagement","active"
Google,2020,"Ethics expansion","Commitment","medium","Broader ethics","active"
Google,2020,"Research initiatives","Research","low","Ethics research","active"
Google,2020,"Fairness enhancements","Fair Representation","medium","Better fairness","active"
Google,2021,"Ethics leadership","Leadership","medium","Industry leadership","active"
Google,2021,"Transparency initiatives","Transparency","medium","Enhanced transparency","active"
Google,2022,"Global AI ethics","Partnership","low","International collaboration","active"
Microsoft,2019,"AI for good programs","Social Impact","low","Social benefit","active"
Microsoft,2020,"Responsible innovation","Strategy","medium","Ethics-based innovation","active"
Microsoft,2021,"AI accessibility","Applications","low","Accessible AI","active"
Microsoft,2022,"Responsible tech transfer","Standards","medium","Ethical sharing","active"
IBM,2019,"AI ethics events","Events","low","Industry events","active"
IBM,2020,"Industry standards","Standards","medium","Industry guidelines","active"
IBM,2021,"Ethics mentorship","Training","low","Mentoring programs","active"
IBM,2022,"Global community","Engagement","low","International community","active"
Amazon,2019,"AWS ethics resources","Training","low","Public education","active"
Amazon,2020,"Responsible marketing","Standards","medium","Ethical marketing","active"
Amazon,2021,"Ethical governance","Governance","medium","Ethics governance","active"
Amazon,2022,"Ethics consulting","Services","medium","Consulting services","active"
Meta,2019,"Ethics research","Research","low","Research output","active"
Meta,2020,"Bias detection","Technical","medium","Automated detection","active"
Meta,2021,"Governance transparency","Governance","medium","Clear governance","active"
Meta,2022,"Content AI ethics","Governance","medium","Content ethics","active"
Tesla,2019,"Safety partnerships","Partnership","high","Collaborative safety","active"
Tesla,2020,"Safety documentation","Documentation","high","Safety docs","active"
Tesla,2021,"Safety validation","Evaluation","high","System validation","active"
Tesla,2022,"Safety monitoring","Monitoring","high","Continuous monitoring","active"
Apple,2019,"Privacy research","Research","high","Privacy studies","active"
Apple,2020,"Accessibility AI","Applications","low","AI inclusion","active"
Apple,2021,"Ethical reviews","Standards","medium","Review processes","active"
Apple,2022,"Privacy reports","Transparency","high","Privacy disclosures","active"
Google,2019,"Data minimization","Privacy","high","Minimal collection","active"
Google,2020,"User controls","Privacy","high","User choices","active"
Google,2021,"Environmental AI","Sustainability","low","Green AI","active"
Google,2022,"Inclusive design","Inclusion","medium","Universal design","active"
Microsoft,2019,"Automation transparency","Transparency","medium","Clear disclosure","active"
Microsoft,2020,"Inclusive products","Inclusion","medium","Accessible products","active"
Microsoft,2021,"Environmental focus","Sustainability","low","Green practices","active"
Microsoft,2022,"Sustainable technology","Sustainability","low","Eco-friendly tech","active"
IBM,2019,"Diverse hiring","Inclusion","medium","Workforce diversity","active"
IBM,2020,"Trustworthy standards","Standards","high","Trust focus","active"
IBM,2021,"Data governance","Governance","medium","Ethical data use","active"
IBM,2022,"Inclusive design","Inclusion","medium","Universal access","active"
Amazon,2019,"Inclusive products","Inclusion","medium","Accessible design","active"
Amazon,2020,"Responsible automation","Ethics Principles","medium","Ethical automation","active"
Amazon,2021,"Team diversity","Inclusion","medium","Diverse workforce","active"
Amazon,2022,"Data practices","Transparency","medium","Clear practices","active"
Meta,2019,"Community policies","Inclusion","medium","Inclusive policies","active"
Meta,2020,"User autonomy","Philosophy","low","User choice","active"
Meta,2021,"Moderation AI","Inclusion","medium","Unbiased moderation","active"
Meta,2022,"Community AI","Philosophy","medium","Community focus","active"
Tesla,2019,"Public transparency","Transparency","high","Public disclosure","active"
Tesla,2020,"Continuous safety","Safety","high","Always improving","active"
Tesla,2021,"Public commitment","Commitment","high","Public promise","active"
Tesla,2022,"Advanced validation","Evaluation","high","Superior validation","active"
Apple,2019,"Privacy advocacy","Advocacy","medium","Privacy support","active"
Apple,2020,"Accessibility rights","Philosophy","medium","Access as right","active"
Apple,2021,"Supply chain ethics","Ethics Principles","medium","Ethical sourcing","active"
Apple,2022,"Sustainable practices","Sustainability","low","Environmental focus","active"
Google,2019,"Recommendation ethics","Ethics Principles","medium","Ethical recommendations","active"
Google,2020,"Crisis applications","Applications","low","Emergency use","active"
Google,2021,"Societal impact","Social Impact","medium","Social studies","active"
Google,2022,"Future ethics","Strategy","medium","Long-term planning","active"
Microsoft,2019,"Climate action","Applications","low","Environmental tech","active"
Microsoft,2020,"Quantum ethics","Standards","medium","Quantum framework","active"
Microsoft,2021,"Accessibility tools","Applications","low","Accessible solutions","active"
Microsoft,2022,"Tech responsibility","Standards","medium","Responsible sharing","active"
IBM,2019,"Transparency tools","Technical","medium","Transparency tech","active"
IBM,2020,"Ethics certification","Certification","low","Official cert","active"
IBM,2021,"Corporate training","Training","low","Staff education","active"
IBM,2022,"Accountability services","Services","medium","Accountability solutions","active"
Amazon,2019,"AI accessibility","Applications","low","Inclusive solutions","active"
Amazon,2020,"Marketing ethics","Standards","medium","Ethical marketing","active"
Amazon,2021,"Governance docs","Documentation","low","Public docs","active"
Amazon,2022,"Ethics advice","Services","medium","Consulting services","active"
Meta,2019,"Content AI","Applications","low","Content analysis","active"
Meta,2020,"Recommendation engine","Standards","medium","Ethical recommendations","active"
Meta,2021,"Moderation transparency","Transparency","medium","Moderation clarity","active"
Meta,2022,"Safety applications","Applications","medium","Safety tools","active"
Tesla,2019,"Validation methods","Standards","high","Rigorous methods","active"
Tesla,2020,"Metrics publication","Transparency","high","Public metrics","active"
Tesla,2021,"System accountability","Accountability","high","System responsibility","active"
Tesla,2022,"Safety standards","Standards","high","Advanced standards","active"
Apple,2019,"Privacy design","Standards","high","Privacy standard","active"
Apple,2020,"Accessible AI","Applications","low","Inclusive applications","active"
Apple,2021,"App ethics review","Standards","medium","Store ethics","active"
Apple,2022,"Privacy transparency","Transparency","medium","Privacy disclosure","active"
Google,2018,"Research publication","Standards","low","Ethical publishing","active"
Google,2019,"Ethics courses","Training","low","Public courses","active"
Google,2020,"Funding ethics","Funding","low","Ethics funding","active"
Google,2021,"Industry collaboration","Partnership","low","Industry partnerships","active"
Google,2022,"Ethics network","Partnership","low","Global network","active"
Microsoft,2019,"Ethics workshops","Training","low","Workshop programs","active"
Microsoft,2020,"Cloud ethics","Standards","medium","Cloud standards","active"
Microsoft,2021,"Ethics partnerships","Partnership","low","Collaborative ethics","active"
Microsoft,2022,"Global initiatives","Commitment","medium","Worldwide commitment","active"
IBM,2019,"Ethics symposiums","Events","low","Industry events","active"
IBM,2020,"Industry standards","Standards","medium","Industry guidelines","active"
IBM,2021,"Mentorship programs","Training","low","Ethics mentoring","active"
IBM,2022,"Ethics community","Engagement","low","Community engagement","active"
Amazon,2019,"Ethics resources","Training","low","Open resources","active"
Amazon,2020,"Developer ethics","Standards","medium","Developer standards","active"
Amazon,2021,"AI community","Engagement","low","Community participation","active"
Amazon,2022,"Support programs","Training","low","Educational support","active"
Meta,2019,"Research papers","Research","low","Public research","active"
Meta,2020,"Feedback systems","Engagement","low","User feedback","active"
Meta,2021,"Ethics board","Governance","medium","Advisory board","active"
Meta,2022,"Public dialogue","Engagement","low","Community dialogue","active"
Tesla,2019,"Safety publications","Research","high","Safety research","active"
Tesla,2020,"Stakeholder engagement","Engagement","high","Public engagement","active"
Tesla,2021,"Advisory committees","Governance","high","Safety boards","active"
Tesla,2022,"Public forums","Engagement","high","Community forums","active"
Apple,2019,"Policy transparency","Transparency","high","Clear policies","active"
Apple,2020,"Accessibility standards","Standards","medium","Access standards","active"
Apple,2021,"User feedback","Engagement","low","User input","active"
Apple,2022,"Privacy partnerships","Partnership","high","Privacy partners","active"
Google,2018,"Accountability research","Research","medium","Accountability study","active"
Google,2019,"Fairness benchmarks","Technical","low","Fairness testing","active"
Google,2020,"Ethics documentation","Documentation","low","Ethics docs","active"
Google,2021,"Impact reports","Documentation","low","Impact reporting","active"
Google,2022,"Accountability refined","Governance","medium","Better accountability","active"
Microsoft,2018,"Human-centered principles","Philosophy","medium","Human focus","active"
Microsoft,2019,"Inclusive design","Standards","medium","Inclusive design","active"
Microsoft,2020,"Fairness assessments","Evaluation","low","Fairness checks","active"
Microsoft,2021,"Documentation","Documentation","low","Clear documentation","active"
Microsoft,2022,"Accountability","Governance","medium","Enhanced accountability","active"
IBM,2018,"Trustworthy research","Research","medium","Trust research","active"
IBM,2019,"Metrics refinement","Technical","low","Better metrics","active"
IBM,2020,"Accountability frameworks","Frameworks","medium","Clear frameworks","active"
IBM,2021,"Service transparency","Transparency","medium","Service clarity","active"
IBM,2022,"Scaling ethics","Strategy","medium","Scaling with ethics","active"
Amazon,2018,"Customer-centric AI","Philosophy","medium","Customer focus","active"
Amazon,2019,"System fairness","Evaluation","medium","System fairness","active"
Amazon,2020,"Transparency enhancements","Transparency","medium","More transparency","active"
Amazon,2021,"Accountability docs","Documentation","low","Clear accountability","active"
Amazon,2022,"Responsible scaling","Strategy","medium","Ethical growth","active"
Meta,2018,"User-centered design","Philosophy","low","User focus","active"
Meta,2019,"Bias in recommendations","Evaluation","medium","Algorithm fairness","active"
Meta,2020,"Algorithm transparency","Transparency","medium","Algorithm clarity","active"
Meta,2021,"Community approach","Philosophy","medium","Community focus","active"
Meta,2022,"Inclusive strategy","Strategy","medium","Inclusive approach","active"
Tesla,2018,"Human safety","Philosophy","high","Human welfare","active"
Tesla,2019,"Safety rigor","Standards","high","Rigorous safety","active"
Tesla,2020,"Autonomy accountability","Accountability","high","System accountability","active"
Tesla,2021,"Safety transparency","Transparency","high","Safety clarity","active"
Tesla,2022,"Driving ethics","Ethics Principles","high","Ethical driving","active"
Apple,2018,"Human dignity","Philosophy","medium","Dignity principle","active"
Apple,2019,"Privacy default","Standards","high","Privacy default","active"
Apple,2020,"Inclusive access","Standards","medium","Access standard","active"
Apple,2021,"Business ethics","Ethics Principles","medium","Business ethics","active"
Apple,2022,"Sustainable development","Standards","low","Green development","active"
