username_hash,company_name,overall_rating,ethics_principles_rating,privacy_protection_rating,fairness_transparency_rating,comments
a7f4b2c1d8e9f3a6,Google,8.5,8.0,8.2,9.0,Strong commitment to AI ethics and user privacy. Transparent about their policies and regularly updates them.
e2k9m7p3x1w4v8h5,Microsoft,7.8,7.5,8.0,7.5,Good practices but could improve transparency in policy implementation. Clear documentation available.
q3r6s9t2u5v1w4y7,Amazon,6.9,6.5,6.8,7.2,Adequate coverage of ethics but needs better privacy guidelines. Some areas lack clarity in fairness principles.
m1n4o7p2q5r8s3t6,Apple,8.2,8.5,8.1,8.0,Excellent privacy protection and fair business practices. Minor improvements needed in ethical AI training.
h8j2k5l9m3n6p1q4,Google,7.9,7.8,8.0,7.9,Good overall approach. They maintain high standards but communication could be clearer for end users.
w6x3y8z1a4b7c2d5,IBM,7.4,7.2,7.5,7.4,Solid foundation with comprehensive coverage. Could expand transparency measures in decision-making processes.
c9d2e5f8g1h4i7j0,Meta,6.2,5.8,6.0,6.5,Needs significant improvement in privacy practices. Ethics guidelines exist but implementation concerns remain.
p5q8r1s4t7u2v5w8,Microsoft,8.0,8.2,7.9,7.8,Comprehensive policies with regular reviews. Good transparency in their AI governance framework.
l2m5n8o1p4q7r0s3,Tesla,6.5,6.0,6.5,6.8,Limited public documentation on AI ethics. Privacy protections are basic and could be strengthened.
v1w4x7y0z3a6b2c5,Google,8.3,8.4,8.2,8.3,Industry-leading standards in most areas. Particularly strong in fairness and bias mitigation strategies.
j9k2l5m8n1o4p7q0,Apple,8.0,8.1,8.2,7.8,Strong commitment to user privacy and ethical principles. Good transparency in public statements.
b3c6d9e2f5g8h1i4,Amazon,7.2,7.0,7.3,7.3,Improved policies recently. Shows commitment to fairness but transparency could be enhanced further.
r7s0t3u6v1w4x2y5,Microsoft,7.6,7.4,7.8,7.6,Well-structured policies with clear implementation guidelines. Regular updates and stakeholder engagement.
d8e1f4g7h0i3j6k2,IBM,7.8,7.9,7.7,7.8,Comprehensive framework addressing all major areas. Good transparency and commitment to continuous improvement.
y4z7a0b3c6d1e4f8,Meta,6.8,6.5,6.7,7.0,Moderate coverage with some gaps. Recent initiatives show improvement but need more enforcement mechanisms.
n6o9p2q5r8s1t4u7,Apple,7.9,8.0,8.0,7.8,Solid policies with good user privacy focus. Could enhance transparency in algorithmic decision-making.
u2v5w8x1y4z7a0b3,Google,8.1,8.2,8.0,8.0,Comprehensive approach with strong emphasis on fairness. Regular audits and transparency reports are published.
s5t8u1v4w7x2y0z3,Amazon,7.5,7.3,7.6,7.6,Good baseline standards with room for improvement in some areas. Transparency initiatives are ongoing.
i9j2k5l8m1n4o7p0,Microsoft,7.7,7.6,7.8,7.7,Strong governance structure with clear accountability. Regular training and updates for teams involved.
f3g6h9i2j5k8l1m4,IBM,7.5,7.4,7.6,7.5,Balanced approach addressing ethics and privacy concerns. Clear communication and stakeholder engagement evident.
